index,true_label,predicted_label
8699,sports,sports
260,business,business
11237,sports,sports
7048,sports,sports
10777,sports,sports
10090,business,business
6527,sports,sports
2257,sports,sports
9944,sports,sports
2784,politics,politics
1432,sports,sports
1833,sports,sports
9842,politics,politics
10542,sports,sports
11188,sports,sports
330,sports,sports
4985,sports,sports
10994,sports,sports
8074,business,business
9521,sports,sports
1882,politics,politics
9223,politics,politics
6239,business,business
338,sports,sports
1181,business,business
7848,politics,politics
6847,politics,politics
7767,sports,sports
4213,sports,sports
3575,politics,politics
9896,sports,sports
5079,sports,sports
4747,politics,politics
4421,sports,sports
6167,sports,sports
10379,politics,politics
2422,sports,sports
357,sports,sports
495,sports,sports
5969,sports,sports
7414,sports,sports
9106,politics,politics
11103,business,business
2414,sports,sports
11216,sports,sports
8120,business,business
8044,sports,sports
2444,sports,sports
364,sports,sports
3042,sports,sports
1874,sports,sports
3248,sports,sports
5396,business,business
8470,sports,sports
5881,sports,sports
9591,sports,sports
1428,sports,sports
5808,business,business
8839,politics,politics
6766,sports,sports
1070,sports,sports
3207,sports,sports
9648,sports,sports
4725,sports,sports
626,business,business
994,business,business
3319,sports,sports
9440,politics,politics
1788,business,business
4815,sports,sports
8186,sports,sports
1144,sports,sports
833,sports,sports
9181,business,politics
8034,sports,sports
516,sports,sports
9405,politics,politics
11102,business,business
11177,sports,sports
2400,sports,sports
8235,sports,sports
2907,politics,politics
6245,sports,sports
549,sports,sports
173,sports,sports
2251,sports,sports
3153,sports,sports
6020,sports,sports
1464,sports,sports
10332,politics,politics
3556,sports,sports
3839,politics,politics
4994,sports,sports
6778,sports,sports
9281,sports,sports
1266,sports,sports
10230,sports,sports
7181,sports,sports
9811,sports,sports
3523,politics,politics
1888,politics,politics
9508,sports,sports
8715,sports,sports
1569,business,business
3567,sports,sports
10136,politics,politics
3623,politics,politics
948,sports,sports
8298,sports,sports
11035,business,business
5235,sports,sports
9013,sports,sports
6941,politics,politics
6398,sports,sports
9382,sports,sports
2772,sports,sports
1358,sports,sports
2658,business,business
9287,sports,sports
4176,sports,sports
11006,business,business
7698,sports,sports
5912,sports,sports
2166,sports,sports
10670,sports,sports
1115,sports,sports
6759,business,business
8753,sports,sports
2702,sports,sports
1253,business,business
4889,sports,sports
4726,sports,sports
8844,sports,sports
6860,sports,sports
8176,business,business
4558,sports,sports
2416,business,business
7996,sports,sports
10869,sports,sports
6136,sports,sports
2005,sports,sports
7253,sports,sports
4859,sports,sports
2059,sports,sports
9272,sports,sports
331,sports,sports
288,sports,sports
2064,sports,sports
3060,sports,sports
4843,sports,sports
9737,sports,sports
9519,sports,sports
3732,sports,sports
10411,sports,sports
4825,sports,sports
5892,sports,sports
9390,sports,sports
7999,politics,politics
6397,sports,sports
111,business,business
4410,sports,sports
4971,sports,sports
9424,sports,sports
11483,sports,sports
4436,sports,sports
3937,sports,sports
99,sports,sports
1113,sports,sports
2648,politics,politics
2544,sports,sports
2889,sports,sports
3520,sports,sports
4790,politics,politics
3378,sports,sports
1855,sports,sports
4255,business,business
2532,business,business
7844,politics,politics
8525,sports,sports
8730,sports,sports
1002,sports,sports
8445,sports,sports
6541,sports,sports
8000,sports,sports
10195,sports,sports
8950,business,politics
3331,sports,sports
1043,sports,sports
10782,politics,politics
7484,sports,sports
6810,sports,sports
10987,sports,sports
4092,sports,sports
11173,business,business
5654,politics,politics
2388,sports,sports
10543,politics,politics
4802,sports,sports
3534,sports,sports
7215,politics,politics
3582,business,business
2809,sports,sports
8189,sports,sports
6954,sports,sports
10249,sports,sports
6318,sports,sports
2474,sports,sports
10199,business,business
4491,politics,politics
10751,sports,sports
940,business,business
9746,sports,sports
1103,sports,sports
1099,sports,sports
4698,sports,sports
10293,politics,politics
6811,business,business
7020,sports,sports
4430,sports,sports
4078,sports,sports
2280,sports,sports
2580,sports,sports
9443,sports,sports
5227,politics,politics
4729,sports,sports
5028,sports,sports
8288,sports,sports
5791,sports,sports
10550,sports,sports
8865,business,business
3491,sports,sports
4079,sports,sports
10309,sports,sports
8750,sports,sports
5762,politics,politics
7772,sports,sports
9172,sports,sports
9931,politics,politics
4617,sports,sports
6645,business,politics
5964,business,business
7308,sports,sports
6219,politics,politics
8972,politics,business
9777,sports,sports
1239,sports,sports
7006,sports,sports
7515,sports,sports
4220,sports,sports
1276,business,business
10576,politics,politics
4604,sports,sports
5491,sports,sports
3540,sports,sports
8918,sports,sports
2241,sports,sports
3940,business,business
7902,sports,sports
3652,business,business
6662,sports,sports
9849,business,business
7868,sports,sports
2494,sports,sports
8729,sports,sports
3625,sports,sports
2996,politics,politics
11458,sports,sports
9763,politics,politics
9409,business,business
2301,sports,sports
4540,sports,sports
827,sports,sports
96,sports,sports
8376,business,business
4688,business,business
10328,sports,sports
1832,business,business
9767,politics,politics
7615,sports,sports
7228,sports,sports
4444,sports,sports
10537,sports,sports
4358,sports,sports
6128,sports,sports
810,sports,sports
4284,sports,sports
4230,sports,sports
6598,sports,sports
11369,sports,sports
10802,sports,sports
9193,sports,sports
10068,sports,sports
1220,sports,sports
1578,sports,sports
2892,sports,sports
7413,sports,sports
3063,sports,sports
362,business,business
6479,politics,politics
7904,politics,politics
5738,sports,sports
10390,sports,sports
10719,politics,politics
7652,sports,sports
7419,politics,politics
2448,sports,sports
5163,politics,politics
453,business,business
6478,business,business
1924,politics,politics
4312,sports,sports
758,sports,sports
5039,sports,sports
689,sports,sports
70,sports,sports
9921,sports,sports
6868,sports,sports
3240,sports,sports
5803,sports,sports
8739,politics,politics
8585,sports,sports
8055,sports,sports
7043,sports,sports
4096,sports,sports
3508,sports,sports
5060,politics,politics
264,sports,sports
7845,sports,sports
10084,sports,sports
7679,sports,sports
1931,sports,sports
6019,sports,sports
2747,sports,sports
9060,politics,politics
814,sports,sports
6930,sports,sports
3599,sports,sports
1463,sports,sports
2453,business,business
8523,sports,sports
8831,sports,sports
7335,sports,sports
9310,politics,politics
10652,sports,sports
1580,sports,sports
7873,sports,sports
7088,sports,sports
7495,sports,sports
7410,sports,sports
11394,business,business
6664,sports,sports
4868,sports,sports
7612,business,business
1656,sports,sports
1548,sports,sports
3391,sports,sports
4705,sports,sports
8299,sports,sports
5568,sports,sports
9003,sports,sports
4282,sports,sports
4280,sports,sports
4329,sports,sports
3781,sports,sports
4252,politics,politics
1337,sports,sports
4143,sports,sports
8045,business,business
7726,sports,sports
2259,business,business
8159,sports,sports
5316,sports,sports
6618,politics,politics
10524,sports,sports
10817,sports,sports
29,sports,sports
7435,sports,sports
5149,sports,sports
5759,business,business
9550,sports,sports
4977,sports,sports
6209,sports,sports
6038,sports,sports
4447,business,business
2383,sports,sports
668,sports,sports
6901,sports,sports
10513,sports,sports
4972,sports,sports
3371,sports,sports
275,sports,sports
6955,business,sports
685,sports,sports
11428,sports,sports
4127,sports,sports
5773,sports,sports
10493,business,business
4787,politics,politics
3997,sports,sports
3236,sports,sports
8457,sports,sports
811,sports,sports
6669,sports,sports
3512,sports,sports
1519,sports,sports
6325,sports,sports
11501,sports,sports
2757,politics,politics
222,sports,sports
8391,sports,sports
10597,sports,sports
1366,sports,sports
2319,sports,sports
1906,sports,sports
2992,sports,sports
7505,sports,sports
10926,sports,sports
5226,business,business
2452,sports,sports
7978,sports,sports
2208,sports,sports
534,sports,sports
14,business,business
8901,sports,sports
3504,sports,sports
9220,business,politics
3008,sports,sports
3170,sports,sports
3098,sports,sports
1129,sports,sports
10548,sports,sports
11151,sports,sports
10702,sports,sports
2476,sports,business
8517,sports,sports
7796,sports,sports
4510,politics,politics
6854,sports,sports
8043,sports,sports
2976,sports,sports
2820,sports,sports
3425,sports,sports
7887,sports,sports
11058,business,business
4336,sports,sports
9416,sports,sports
9123,sports,sports
4199,sports,sports
5655,sports,sports
1943,business,business
6298,politics,politics
4156,sports,sports
4105,sports,sports
2071,business,business
5729,politics,politics
5567,business,business
479,sports,sports
3115,sports,sports
2394,business,business
7099,politics,politics
221,sports,sports
7094,sports,sports
9170,sports,sports
4215,politics,politics
6125,sports,sports
4674,sports,sports
5719,sports,sports
337,sports,sports
8040,sports,sports
1270,sports,sports
11218,sports,sports
2781,politics,business
2294,sports,sports
8414,sports,sports
1716,sports,sports
7530,sports,sports
9883,sports,sports
8374,sports,sports
7539,sports,sports
10636,sports,sports
7487,sports,sports
8168,sports,sports
10983,sports,sports
4376,politics,politics
7407,sports,sports
10439,sports,sports
694,business,business
8456,sports,sports
10668,sports,sports
10708,sports,sports
1529,business,business
1839,sports,sports
11169,sports,sports
5604,sports,sports
8209,sports,sports
2399,business,business
4943,sports,sports
9723,sports,sports
2504,sports,sports
4391,sports,sports
7489,sports,sports
3657,sports,sports
490,sports,sports
10462,sports,sports
3274,politics,politics
154,sports,sports
8478,sports,sports
1561,sports,sports
4435,sports,sports
9967,business,politics
8267,sports,sports
11041,business,business
998,sports,sports
8162,sports,sports
10893,sports,sports
4569,sports,sports
4475,politics,politics
4300,sports,sports
3635,business,politics
4017,sports,sports
9561,sports,sports
11279,sports,sports
7403,sports,sports
8133,politics,politics
7561,sports,sports
10430,sports,sports
1139,sports,sports
6037,sports,sports
9901,sports,sports
8441,business,business
6839,sports,sports
3094,sports,sports
461,business,business
5416,sports,sports
2902,business,business
4883,politics,politics
5512,sports,sports
10172,politics,business
9401,sports,sports
9655,sports,sports
6203,sports,sports
10925,sports,sports
9035,sports,sports
6619,sports,sports
6885,sports,sports
4533,sports,sports
5370,sports,sports
1574,business,business
8879,politics,politics
9891,sports,sports
8341,sports,sports
5358,politics,politics
1386,sports,sports
609,sports,sports
7841,sports,sports
4721,sports,sports
10743,business,business
4882,sports,sports
1195,sports,sports
3808,sports,sports
5684,politics,politics
10241,politics,politics
6592,sports,sports
5035,sports,sports
819,sports,sports
7126,sports,sports
1831,sports,sports
2159,sports,sports
6557,politics,politics
2860,sports,sports
1631,sports,sports
1537,business,business
6154,sports,sports
6687,sports,sports
28,sports,sports
9876,politics,politics
10133,sports,sports
2436,business,business
5990,sports,sports
228,sports,sports
6,sports,sports
3309,sports,sports
7704,sports,sports
9640,sports,sports
5379,politics,business
3817,sports,sports
9879,politics,politics
2179,sports,sports
184,politics,politics
1687,sports,sports
10140,sports,sports
8915,sports,sports
1626,business,business
3395,sports,sports
8762,sports,sports
2716,politics,business
4258,politics,politics
474,business,business
4777,politics,politics
6436,politics,politics
340,sports,sports
4720,sports,sports
4586,politics,politics
8524,sports,sports
6958,sports,sports
6705,sports,sports
6151,sports,sports
8204,business,business
3190,sports,sports
9184,sports,sports
8958,sports,sports
4352,politics,politics
4433,sports,sports
4827,sports,sports
2080,business,business
1362,business,business
7541,sports,sports
10713,sports,sports
3798,sports,sports
7384,sports,sports
5924,sports,sports
1326,sports,sports
2516,sports,sports
699,business,business
892,sports,sports
7455,politics,politics
2661,sports,sports
2338,business,business
3200,politics,politics
7372,sports,sports
9389,sports,sports
666,sports,sports
7803,sports,sports
4964,politics,politics
5951,business,business
8539,business,business
4740,sports,sports
6247,politics,politics
450,sports,sports
4926,sports,sports
499,sports,sports
10501,business,business
961,business,politics
502,sports,sports
6537,sports,sports
281,business,business
5412,sports,sports
8671,sports,sports
6311,sports,sports
11412,sports,sports
179,sports,sports
10722,sports,sports
10739,sports,sports
6208,sports,sports
5014,sports,sports
2535,sports,sports
4244,sports,sports
2184,sports,sports
6821,sports,sports
6585,business,business
11464,sports,sports
9396,sports,sports
1360,sports,sports
4187,sports,sports
1983,politics,sports
1498,business,business
5704,sports,sports
11154,sports,sports
11185,sports,sports
2150,sports,sports
10433,politics,politics
7,sports,sports
10425,sports,sports
1756,sports,sports
8119,sports,sports
10391,sports,sports
10401,politics,politics
7068,sports,sports
7907,politics,politics
7216,sports,sports
5458,sports,sports
3960,sports,sports
10560,sports,sports
10063,business,business
3431,sports,sports
10184,sports,sports
468,sports,sports
5986,business,business
2832,sports,sports
5185,sports,sports
9542,sports,sports
7654,politics,politics
7937,sports,sports
1482,business,business
6582,sports,sports
1357,sports,sports
588,sports,sports
4851,sports,sports
7309,sports,sports
5260,business,business
11414,sports,sports
3132,sports,sports
3208,sports,sports
7439,politics,politics
5507,sports,sports
10793,politics,politics
3427,sports,sports
9418,politics,politics
1479,sports,sports
11013,business,business
10833,sports,sports
8890,sports,sports
6544,sports,sports
2853,sports,sports
5040,politics,politics
9816,sports,sports
8014,sports,sports
6419,sports,sports
794,sports,sports
9321,sports,sports
9801,business,business
4399,sports,sports
5271,sports,sports
9586,sports,sports
6255,sports,sports
1782,sports,sports
4125,sports,sports
7125,sports,sports
60,sports,sports
7257,politics,politics
6911,sports,sports
3124,sports,sports
6021,sports,sports
1290,sports,sports
2617,sports,sports
6655,business,sports
10635,sports,sports
4752,sports,sports
6278,sports,sports
8087,politics,politics
5110,sports,sports
172,sports,sports
3897,sports,sports
47,sports,sports
7285,sports,sports
11086,business,business
1247,sports,sports
4224,sports,sports
4144,sports,sports
10572,politics,politics
640,sports,sports
1039,sports,sports
5153,sports,sports
10760,sports,sports
9486,sports,sports
10806,sports,sports
3376,sports,sports
3601,sports,sports
7258,sports,sports
11289,sports,sports
5313,sports,sports
3587,sports,sports
11029,business,business
4743,sports,sports
943,sports,sports
4424,business,business
10402,sports,sports
9604,sports,sports
4559,sports,sports
9941,sports,sports
9263,politics,politics
1216,sports,sports
5133,sports,sports
5612,sports,sports
3381,business,business
1486,sports,sports
5732,politics,politics
11419,sports,sports
7398,sports,sports
4339,politics,politics
178,sports,sports
8580,sports,sports
7431,sports,sports
4093,sports,sports
9751,politics,business
2984,sports,sports
2358,sports,sports
5030,sports,sports
1958,sports,sports
5454,sports,sports
1121,sports,sports
119,business,business
1904,sports,sports
4706,sports,sports
3662,sports,sports
11100,sports,sports
5728,politics,politics
7162,sports,sports
5388,sports,sports
907,sports,sports
10046,sports,sports
1865,sports,sports
9698,business,business
4601,sports,sports
6546,sports,sports
7098,politics,politics
594,sports,sports
1648,business,business
9421,sports,sports
6974,sports,sports
7725,politics,politics
4233,politics,politics
8764,sports,sports
891,sports,sports
9555,business,business
9609,sports,sports
11163,sports,sports
4949,sports,sports
8297,sports,sports
5935,sports,sports
8609,sports,sports
7964,sports,sports
3696,sports,sports
10974,sports,sports
822,sports,sports
3016,sports,sports
2604,business,business
5073,business,business
8465,politics,politics
1762,sports,sports
4718,politics,politics
7601,sports,sports
10300,politics,politics
6458,sports,sports
8447,politics,politics
10126,sports,sports
2162,sports,sports
3011,business,business
6800,politics,politics
9826,sports,sports
3530,sports,sports
432,sports,sports
380,sports,sports
7614,politics,politics
7241,sports,sports
2464,sports,sports
5204,sports,sports
1325,sports,sports
849,sports,sports
11139,sports,sports
7426,politics,politics
5522,sports,sports
3866,sports,sports
5542,sports,sports
3779,sports,sports
9797,sports,sports
2312,sports,sports
11193,business,business
3272,sports,sports
6533,sports,sports
7901,sports,sports
5290,sports,sports
2620,business,business
1454,business,business
7562,sports,sports
4151,sports,sports
5506,sports,sports
1540,sports,sports
4932,business,business
5086,sports,sports
8518,sports,sports
84,sports,sports
8291,sports,sports
6570,sports,sports
4767,sports,sports
6178,sports,sports
5225,sports,sports
5121,sports,sports
2783,sports,sports
9303,sports,sports
6441,sports,sports
2676,business,business
3639,sports,sports
761,sports,sports
2192,sports,sports
7753,politics,politics
4445,business,business
3101,sports,sports
10152,sports,sports
3613,politics,politics
4479,sports,sports
10654,sports,sports
8154,sports,sports
3545,sports,sports
10129,sports,sports
9966,politics,politics
3816,sports,sports
9718,sports,sports
2470,sports,sports
1995,politics,politics
4755,sports,sports
4872,business,business
8587,sports,sports
5032,sports,sports
995,sports,sports
5897,sports,sports
10475,business,business
9204,sports,sports
8813,sports,sports
1651,sports,sports
9693,sports,sports
8560,sports,sports
8090,business,politics
1533,sports,sports
5987,sports,sports
8017,sports,sports
5649,sports,sports
8113,sports,sports
2724,sports,sports
5214,business,business
8722,sports,sports
3298,sports,sports
9344,business,business
5945,business,business
1949,business,business
3962,sports,sports
8371,sports,sports
5326,sports,sports
10346,sports,sports
9210,politics,politics
6443,sports,sports
3278,sports,sports
6302,business,business
3231,sports,sports
6836,sports,sports
4469,sports,sports
182,sports,sports
6387,politics,politics
3160,sports,sports
1349,business,business
9730,business,business
4609,politics,politics
11142,sports,sports
10154,politics,politics
2375,sports,sports
5236,sports,sports
3609,sports,sports
5825,sports,sports
9615,sports,sports
5709,politics,politics
7864,sports,sports
5514,sports,sports
9765,sports,sports
7577,sports,sports
11333,sports,sports
10311,sports,sports
3263,politics,politics
6509,sports,sports
5546,sports,sports
4229,sports,sports
10087,sports,sports
10116,sports,sports
5415,business,business
9110,sports,sports
5691,sports,sports
7376,politics,politics
2126,sports,sports
7747,sports,sports
4003,sports,sports
7182,sports,sports
9786,politics,politics
9040,politics,politics
8759,sports,sports
3344,sports,sports
6131,sports,sports
3117,sports,sports
9852,sports,sports
8327,sports,sports
2693,sports,sports
7795,sports,sports
766,sports,sports
431,sports,sports
4813,sports,sports
3963,sports,sports
4761,sports,sports
4189,sports,sports
5578,sports,sports
6124,sports,sports
7699,sports,sports
6215,sports,sports
5847,sports,sports
4876,sports,sports
10811,sports,sports
11133,sports,sports
2872,sports,sports
1377,sports,sports
2107,sports,sports
4173,sports,sports
652,sports,sports
6572,sports,sports
9898,sports,sports
274,business,business
3791,business,business
5643,politics,politics
3359,sports,sports
1120,sports,sports
10207,business,business
3311,politics,business
2451,sports,sports
1406,sports,sports
3484,sports,sports
9475,sports,sports
6566,sports,sports
5155,sports,sports
11284,sports,sports
6797,sports,sports
6710,politics,politics
10477,sports,sports
10221,sports,sports
6297,sports,sports
852,sports,sports
9350,sports,sports
7328,sports,sports
2690,sports,sports
11342,sports,sports
1968,politics,politics
3667,politics,politics
4172,sports,sports
834,sports,sports
6501,sports,sports
1142,sports,sports
2619,sports,sports
10718,business,business
9602,sports,sports
1318,sports,sports
9330,sports,sports
147,sports,sports
10626,sports,sports
8208,sports,sports
881,sports,sports
350,sports,sports
2777,politics,politics
642,sports,sports
5899,sports,sports
6257,sports,sports
5661,sports,sports
645,sports,sports
7815,sports,sports
4881,sports,sports
10491,sports,sports
3901,politics,politics
7393,sports,sports
3758,sports,sports
7609,sports,sports
820,sports,sports
2614,business,business
5843,sports,sports
9299,sports,sports
133,sports,sports
4474,politics,politics
8573,sports,sports
2723,sports,sports
754,sports,sports
9300,sports,sports
10429,politics,politics
7229,sports,sports
4946,business,business
1067,sports,sports
8795,sports,sports
576,sports,sports
5977,sports,sports
6985,sports,sports
10362,sports,sports
8811,sports,sports
10775,sports,sports
1779,sports,sports
170,sports,sports
11287,sports,sports
6470,sports,sports
2610,business,business
7984,politics,politics
1996,sports,sports
3417,sports,sports
175,sports,sports
10988,politics,politics
2402,sports,sports
1311,sports,sports
6180,sports,sports
2035,business,business
9182,business,business
9551,sports,sports
49,sports,sports
4612,sports,sports
6251,sports,sports
4899,sports,sports
10167,sports,sports
6959,sports,sports
2924,sports,sports
10029,politics,politics
7785,politics,politics
6494,politics,politics
4951,sports,sports
2733,business,business
8011,sports,sports
9848,business,business
8330,business,business
2007,sports,sports
6345,sports,sports
11121,sports,sports
10662,sports,sports
1322,business,business
6716,sports,sports
475,politics,politics
9038,business,politics
7457,business,business
3630,sports,sports
3638,politics,politics
10966,politics,business
530,business,business
9920,sports,sports
5319,sports,sports
10450,sports,sports
4348,business,business
10582,sports,sports
1763,sports,sports
10161,politics,politics
3232,sports,sports
315,sports,sports
3127,sports,sports
234,sports,sports
3565,politics,politics
10498,sports,sports
5577,sports,sports
198,sports,sports
4766,sports,sports
7755,sports,sports
8088,business,business
2898,sports,sports
2942,sports,sports
6939,politics,politics
2006,sports,sports
2735,sports,sports
7720,sports,sports
4893,sports,sports
5919,business,business
2360,sports,sports
6121,sports,sports
8686,sports,sports
1355,sports,sports
10546,sports,sports
2333,sports,sports
8772,sports,sports
